postal_code;viviendas_en_venta;precio_venta_medio;poblacion_km2_CP;metros_cuadrados_promedio;renta_media_hogar;distancia_centro_Madrid_promedio;pois_comunitarios_g;pois_BigBusiness_G
28001;502;2289134;23657;176;80016;1856;181;65
28002;227;1366393;25569;161;59363;3971;233;46
28003;217;1228748;24976;155;49180;2869;257;66
28004;494;1080874;31132;127;38107;908;227;27
28005;209;529162;28469;87;35720;1233;296;11
28006;659;1869379;22741;161;72271;2637;239;88
28007;124;708675;29733;113;48219;2853;162;12
28008;223;1528610;13877;203;47178;1769;176;9
28009;532;1483427;18554;143;55819;2473;211;31
28010;222;1778232;29891;165;55995;1925;399;141
28011;104;358432;3975;98;28540;2976;113;3
28012;231;675293;38855;106;32217;710;266;26
28013;295;1059467;12618;150;35945;481;228;37
28014;163;1292721;12958;125;46924;891;217;43
28015;188;956007;38786;129;43801;1896;215;15
28016;116;1418842;16025;172;70151;5244;146;23
28017;145;303517;21604;72;29453;5170;190;6
28018;132;239517;24192;92;23340;5412;155;0
28019;164;307063;26125;84;26997;3250;165;0
28020;141;781028;32955;132;39789;4216;204;65
28021;270;405307;6160;92;24855;8147;137;0
28022;147;586748;6405;116;42080;9716;102;0
28023;216;1673747;2026;349;82359;9316;89;10
28024;49;330424;4655;87;36237;7124;63;0
28025;173;249689;25266;79;26424;4891;166;0
28026;110;261620;22020;78;26285;3744;121;0
28027;210;612265;16851;120;44895;5608;226;36
28028;203;1010848;26207;130;47018;3526;226;37
28029;132;427108;23151;80;35920;6176;187;16
28030;95;329673;13995;101;32146;5228;156;0
28031;151;297713;5075;93;27650;8413;104;5
28032;87;396301;7000;111;31875;8285;88;0
28033;123;842068;14067;153;45920;7523;144;21
28034;58;653638;9576;130;50278;8305;123;6
28035;209;1213950;5790;262;59137;6869;145;3
28036;103;1635786;11695;209;76947;5025;167;43
28037;139;380024;15757;95;28369;7073;117;11
28038;94;222972;24258;71;25969;4599;169;0
28039;189;452289;29554;92;32350;4578;213;15
28040;32;1203375;1123;242;54949;3767;121;0
28041;113;259222;12992;85;26939;5687;150;0
28042;120;718230;1376;166;58910;10456;91;3
28043;194;1268595;10766;226;64905;6724;205;26
28044;81;302363;15322;79;27798;6782;90;0
28045;151;513466;17982;93;36753;2635;152;4
28046;277;1976629;8567;222;51763;5533;254;142
28047;115;284534;19021;85;29875;4665;155;0
28048;17;805059;23;257;41108;13536;10;0
28049;32;873569;421;171;52246;11327;32;0
28050;95;678136;6997;124;54174;9640;53;16
28051;100;644107;986;110;32447;10461;17;0
28052;88;431323;166;116;37530;12657;2;0
28053;113;207255;9316;72;22800;4461;152;0
28054;31;419832;3225;103;32117;7332;51;0
28055;62;1150356;1478;211;69772;10819;15;12
28100;52;527977;7535;113;41041;15024;169;0
28108;59;1578581;256;295;71253;14087;51;34
28109;127;1621047;2068;255;86291;12900;41;24
28110;31;546371;588;273;43896;26026;33;0
28120;38;1404553;377;473;83230;26299;6;0
28130;17;405082;162;211;38358;31601;7;0
28140;51;545927;204;271;32722;29282;15;0
28150;21;465133;132;227;33222;34123;12;0
28160;13;226492;98;130;29067;40015;7;0
28170;2;224500;33;176;27643;43202;2;0
28180;21;277875;112;211;29017;47665;11;0
28189;15;262313;20;148;32290;52290;11;0
28191;1;135000;4;99;31628;71071;3;0
28192;6;350650;27;217;26074;53503;5;0
28194;1;420000;8;511;25153;63953;3;0
28200;64;488288;392;186;33786;41979;53;0
28210;64;621948;116;250;41911;31615;9;0
28211;1;295000;57;129;37675;38122;0;0
28212;11;384818;41;201;25689;36193;7;0
28213;10;457750;35;163;28847;41326;6;0
28214;7;271000;56;147;24610;40261;5;0
28219;5;529780;84;291;39163;38310;3;0
28220;39;744228;6080;143;44166;15665;58;0
28221;43;1120379;3514;317;77792;14159;31;0
28222;32;1055253;609;330;58771;17393;14;3
28223;183;1844381;1420;372;80817;9200;102;19
28224;98;1578471;3843;367;70183;9100;95;0
28229;39;562616;514;168;46632;23450;31;0
28231;46;923954;3215;206;58534;16209;53;0
28232;93;1062609;1360;319;71655;20898;49;0
28240;17;832235;151;288;38604;28680;11;0
28248;3;646333;556;228;58238;29009;1;0
28250;90;1097413;1052;373;69462;26493;38;0
28260;42;562662;601;216;35802;31132;25;0
28270;20;468265;293;198;38215;30581;20;0
28280;35;341867;311;118;31650;40680;22;0
28290;78;1226563;1098;417;66296;22087;36;0
28292;16;668669;378;263;40516;35828;21;0
28293;9;393322;83;293;24089;41437;9;0
28294;57;351071;46;244;28148;46915;8;0
28295;18;251711;15;210;20996;50846;4;0
28296;61;920885;26;153;22328;51763;2;0
28297;4;260000;8;142;22330;48997;0;0
28300;167;350094;842;166;32159;43251;88;0
28312;1;2220000;2;550;33024;45279;0;0
28320;60;298681;856;109;32608;19284;84;0
28330;45;366209;184;154;26789;24153;28;0
28341;43;324399;1878;155;34914;25770;52;0
28342;40;278454;7640;104;34018;24254;41;0
28343;33;344948;225;171;36085;25745;30;0
28350;41;214511;504;145;28246;29669;48;0
28359;3;218333;130;136;26886;33005;5;0
28360;5;206400;103;226;22766;38988;2;0
28370;48;256861;50;194;23716;38106;19;0
28380;146;272297;64;235;23294;43457;19;0
28390;6;285300;70;222;24655;44147;6;0
28391;5;261400;23;275;23245;40336;2;0
28400;106;412812;2440;162;35722;34764;92;0
28410;21;542709;65;289;35059;37522;11;0
28411;19;636718;231;186;44585;37202;25;0
28412;8;383175;363;165;37056;36925;7;0
28413;3;796667;250;213;37872;37792;4;0
28420;20;872565;566;329;56408;30476;7;0
28430;25;492211;832;211;39397;37864;46;0
28440;41;532032;317;242;37749;42797;25;0
28450;13;394908;398;173;36845;41093;16;0
28460;7;561843;231;118;35400;44623;1;0
28470;4;445000;270;218;29671;46753;15;0
28479;1;360000;13;122;34494;48955;0;0
28480;1;1600000;28;585;31864;48319;0;0
28490;7;483714;198;223;33367;41100;14;0
28491;5;1611800;121;451;35106;43324;4;0
28492;8;438850;275;237;37833;40492;9;0
28500;108;320342;697;154;31519;25101;97;0
28510;31;464871;102;317;28541;28420;15;0
28511;9;200889;69;175;25056;36617;5;0
28512;19;352179;73;229;32698;38907;6;0
28514;43;297651;316;206;32680;38041;7;0
28515;5;279200;21;269;32116;41112;2;0
28521;59;528678;1558;176;42190;17858;19;0
28522;64;632964;3502;207;49766;15998;37;0
28523;31;714101;2888;197;41537;14676;33;0
28530;30;260880;134;198;25477;30854;13;0
28540;14;334853;60;178;24515;36463;5;0
28550;13;345346;101;190;24185;37953;6;0
28560;18;183800;42;141;22610;43333;12;0
28570;8;187475;59;159;22760;44355;7;0
28580;5;211600;23;263;21722;45377;4;0
28590;31;257848;62;215;25985;46552;14;0
28594;4;100250;10;178;26181;48929;2;0
28595;19;152924;16;162;22639;57529;6;0
28596;7;166129;12;178;18836;54576;5;0
28597;25;156224;34;171;21953;57749;8;0
28598;5;144600;24;127;22180;55251;3;0
28600;134;333613;282;162;32873;29261;38;0
28607;62;285742;435;157;27090;32061;35;0
28609;65;374781;156;196;31773;31620;29;0
28610;7;250429;41;164;27060;36997;8;0
28620;22;303268;56;189;23453;43527;11;0
28630;39;306903;85;199;25452;55689;14;0
28640;37;211978;55;134;20619;63975;15;0
28648;9;188111;376;141;20351;65111;0;0
28649;6;824150;18;164;18205;67525;4;0
28650;12;117742;30;147;19709;67478;7;0
28660;107;1046050;1418;321;58780;16253;59;0
28668;6;1753333;885;683;82996;12020;2;0
28669;97;1628641;880;457;82072;16476;32;0
28670;86;942867;425;328;56459;18464;59;0
28679;4;741000;59;296;64675;20795;0;0
28680;63;234433;74;158;24560;58292;16;0
28690;41;461527;221;174;36859;24759;35;0
28691;53;771258;673;273;49573;25071;27;0
28692;12;1562833;464;578;85264;21320;0;0
28693;24;366088;135;188;31479;29863;12;0
28694;10;562880;92;312;28534;43100;17;0
28695;16;345994;58;205;24453;47172;9;0
28696;35;283303;349;215;21483;53659;7;0
28701;41;427822;17980;102;33758;16023;71;0
28702;33;493680;2549;131;43369;17891;41;0
28703;58;364481;1097;94;39193;16108;99;8
28706;4;952750;2142;197;69883;23673;4;0
28707;77;2027494;341;605;86212;23971;8;0
28708;26;1280000;476;413;89015;21841;5;0
28709;1;1050000;11;700;89015;21466;0;0
28710;22;340947;182;202;27134;36363;15;0
28720;11;295291;45;170;26857;49027;9;0
28721;8;339250;38;219;34243;45798;7;0
28722;2;192000;59;60;24980;40613;4;0
28723;10;280190;209;188;31783;37755;11;0
28729;20;440010;114;228;38044;43825;11;0
28730;7;679571;73;280;29358;64226;10;0
28737;8;472550;10;216;37195;68441;5;0
28739;6;254000;9;181;23260;61381;6;0
28740;8;195138;15;123;28936;56226;3;0
28741;2;1350000;2;431;28936;53199;0;0
28742;3;308333;10;163;28419;60040;4;0
28743;2;200750;9;292;26354;57248;5;0
28749;11;360555;13;180;27909;57021;9;0
28750;26;585656;353;208;49020;30045;22;0
28751;15;660133;122;242;30431;50556;22;0
28752;2;401000;26;299;24640;56903;2;0
28753;5;268000;27;171;24640;55875;0;0
28754;3;137333;14;98;26741;60636;4;0
28755;4;159750;5;170;31058;75078;3;0
28756;2;165000;4;110;37195;80135;0;0
28760;48;702779;1185;220;64729;21234;23;4
28770;123;454571;284;180;42989;27882;85;0
28791;32;572041;212;222;42534;37674;13;0
28792;39;417218;110;230;31452;42786;10;0
28794;30;384057;104;168;29792;40868;11;0
28801;14;472671;11149;145;34043;29417;81;0
28802;36;240014;4600;131;24778;28138;105;0
28803;35;201325;2754;91;27910;28717;56;0
28804;214;346017;1846;166;57296;31722;76;0
28805;56;390186;1887;158;44672;31204;50;0
28806;92;381672;1641;151;37057;29273;102;0
28807;30;399745;28935;189;30458;29650;53;0
28810;52;426457;406;230;36885;33617;11;0
28812;9;105556;24;160;26102;43501;4;0
28813;28;495594;121;191;30177;31163;17;0
28814;28;352012;239;158;40699;25326;29;0
28815;18;321389;47;208;29673;35972;9;0
28816;43;269825;167;148;32445;31455;24;0
28817;10;221460;75;185;31548;39431;4;0
28818;7;238557;44;144;26520;38619;8;0
28821;20;368460;7854;140;34486;11570;47;0
28822;27;398111;6335;157;36982;13016;93;0
28823;9;225700;6087;81;31824;13649;36;0
28830;68;364521;1028;146;33880;15023;44;3
28840;56;326040;1312;177;30940;18721;23;0
28850;185;336273;4132;120;33631;20728;130;0
28860;71;551280;727;220;46978;18259;23;0
28861;6;1059750;292;296;69341;17240;1;0
28862;1;400000;22;299;48111;20733;1;0
28863;35;536689;362;201;48380;23698;12;0
28864;5;315800;241;102;34723;22977;9;0
28880;20;585470;414;175;37141;35131;14;0
28890;12;274833;201;121;31517;25058;14;0
28891;28;256825;860;103;31467;19005;13;0
28901;65;307746;21361;107;29054;12835;43;0
28902;21;258643;32405;85;29590;11972;31;0
28903;64;325022;16899;112;29260;11450;90;0
28904;16;242337;22148;80;27895;12217;45;0
28905;11;524083;5099;188;48465;14352;26;0
28906;12;449536;467;138;35754;12710;2;0
28907;23;520077;9878;166;37004;10905;30;0
28909;7;555714;220;220;33171;11179;13;0
28911;28;265371;29994;94;30537;11417;85;0
28912;20;223273;33263;89;27127;10854;64;0
28913;15;196853;24398;77;24300;10945;6;0
28914;29;342182;1257;136;38434;12532;59;0
28915;6;176667;35632;63;27828;10035;43;0
28916;13;265238;6742;98;33651;9279;42;0
28917;26;327759;12638;101;30045;9268;24;0
28918;20;443235;2255;117;41297;10632;24;0
28919;6;413815;2255;144;34152;8953;9;0
28921;57;238768;52127;89;27027;13043;78;0
28922;203;365743;2962;187;43441;14389;118;0
28923;8;276686;12545;83;32368;12445;54;0
28924;17;408053;26902;111;35434;11991;61;0
28925;14;370643;2814;112;40633;11440;41;0
28931;10;228460;34866;81;26650;16983;61;0
28932;12;347659;25132;137;31824;16421;23;0
28933;23;395909;10788;126;34664;17063;52;0
28934;15;198067;36782;87;26322;17815;24;0
28935;77;408538;1525;189;38029;21065;45;0
28936;22;327100;10640;105;28159;16890;48;0
28937;17;269282;39394;93;26045;16688;66;0
28938;24;335792;4356;133;31210;18067;65;0
28939;91;509806;1150;228;41101;23892;49;0
28941;17;367445;26286;115;30034;16026;63;0
28942;45;530840;3868;148;31426;16895;62;0
28943;6;206000;30081;81;28656;17193;43;0
28944;40;267413;11338;98;27453;16996;79;0
28945;38;317717;12978;109;27851;15900;95;0
28946;1;270000;134;80;26023;15924;1;0
28947;1;730000;171;185;21725;16894;0;0
28950;17;356510;167;145;32919;21759;8;0
28970;52;264433;1015;112;26887;20668;35;0
28971;31;418467;611;218;37323;25869;18;0
28976;3;330000;55;280;33600;29672;6;0
28977;3;364267;716;196;30883;29162;6;0
28978;36;428609;504;200;34050;27660;15;0
28979;46;1176815;324;294;35828;27516;12;0
28981;65;231677;4443;123;28019;20818;60;0
28982;55;222428;28026;106;25292;20648;63;0
28983;36;313781;3209;142;31269;21596;30;0
28990;8;516174;85;169;32119;26009;3;0
28991;13;345677;998;179;33234;25550;11;0