geohash_6;viviendas_en_venta;precio_venta_medio;metros_cuadrados_promedio;renta_media_hogar;distancia_centro_Madrid_promedio;pois_comunitarios_g;pois_BigBusiness_G
ezjmyj;2;329630;109;32647;8739;0;0
ezjms0;6;173817;62;19631;8096;8;0
ezjmz0;5;289560;78;19674;13178;0;0
ezjmy8;6;375833;129;19674;11482;0;0
ezjmwr;5;379000;64;19674;10122;0;0
ezjmy0;3;312914;82;19674;9894;0;0
ezjmwq;5;414800;86;19674;10860;0;0
ezjmyb;3;331667;78;19674;11831;0;0
ezjmy3;1;254800;71;19674;9843;2;0
ezjmvx;56;368377;102;20642;7262;16;0
ezjmst;4;195975;82;21080;6156;11;0
ezjmsm;3;207000;94;21128;5540;5;0
ezjmu2;14;179571;61;21258;4275;9;0
ezjmwp;3;440000;144;21438;9974;0;0
ezjmkp;17;152582;66;21522;8540;6;0
ezjmsv;1;194500;73;21586;6395;3;0
ezjmsq;3;138767;87;22061;4983;9;0
ezjmsw;14;229643;84;22306;5475;15;0
ezjmsr;17;194582;68;22839;4640;16;0
ezjmu9;38;218999;74;22934;4152;36;0
ezjmeb;66;217156;75;23045;7940;2;0
ezjmtp;29;342897;148;23059;6415;15;0
ezjmu8;75;208377;75;23102;4806;25;0
ezjme2;17;217765;80;23335;8023;5;0
ezjmex;32;273031;87;23410;3790;25;0
ezjmsx;13;187985;64;23513;4982;16;0
ezjmg4;18;310206;85;23527;3142;4;0
ezjmew;10;243710;93;23618;4384;11;0
ezjmth;1;145000;51;23731;7568;0;0
ezjmsn;12;421267;81;23800;4861;4;0
ezjmub;21;189767;67;23800;5296;21;0
ezjmep;38;226282;71;24040;4388;23;0
ezjms1;30;231750;81;24088;7567;15;0
ezjmtw;34;237891;83;24287;8228;33;0
ezjmv1;12;207058;74;24329;5902;13;0
ezjmsj;12;239158;79;24339;5226;8;0
ezjmsz;8;221000;91;24347;5714;10;0
ezjmev;7;220857;80;24347;5172;13;0
ezjmfc;26;274931;89;24446;3982;15;0
ezjmv0;13;274915;80;24479;6201;17;0
ezjme8;41;197941;77;24482;8084;31;0
ezjmer;8;178363;62;24553;4029;12;0
ezjm7z;6;175450;70;24763;8524;0;0
ezjmg8;25;271016;73;24823;3275;16;0
ezjmu3;14;242143;65;24892;3812;7;0
ezjmet;1;129000;80;24927;5165;5;0
ezjmtn;2;392000;62;24955;7150;1;0
ezjmfb;41;248448;80;25002;4383;21;0
ezjmud;36;257208;71;25078;3898;22;0
ezjmv3;3;236000;91;25244;6354;7;0
ezjmec;8;181756;74;25513;7396;16;0
ezjmeu;14;262189;78;25525;5609;15;0
ezjmdt;41;265098;67;25628;6490;18;0
ezjqj2;26;482600;97;25728;6623;15;6
ezjmen;12;256917;83;25776;4860;7;0
ezjmg1;30;294927;92;25812;3431;15;0
ezjm7x;1;346000;115;25939;8911;1;0
ezjmfg;19;286100;77;25989;3551;13;0
ezjmem;3;197967;97;26004;5045;5;0
ezjm7w;5;192000;89;26007;9250;4;0
ezjm7y;2;282000;81;26007;9245;6;0
ezjmuc;5;268600;80;26063;5052;13;0
ezjmff;13;296654;85;26146;3760;7;0
ezjmtx;16;217829;87;26192;8341;10;0
ezjmvg;25;575999;144;26213;8301;14;0
ezjmtq;10;233050;75;26261;7599;9;0
ezjmuy;15;281167;71;26300;4295;12;0
ezjmg3;10;281450;74;26329;2834;14;0
ezjq5z;28;450357;81;26354;5962;16;0
ezjmvr;18;239250;63;26391;6287;14;0
ezjmgh;38;398263;121;26406;2402;17;0
ezjmuv;2;232000;116;26531;3864;5;0
ezjmez;16;324365;79;26846;3934;17;0
ezjmvu;3;204333;61;26885;7734;8;0
ezjmes;11;282436;106;26928;5497;8;0
ezjmg9;28;330643;84;26934;2652;22;0
ezjmtm;3;260000;97;26982;7948;0;0
ezjmv2;2;183400;59;27009;7013;7;0
ezjmtt;16;325666;87;27104;8668;13;0
ezjq7q;1;1350000;141;27104;10571;0;0
ezjmv4;22;260773;71;27126;5512;12;0
ezjmdz;28;281836;83;27190;5007;21;0
ezjmey;11;416726;97;27233;4464;2;0
ezjme9;19;270047;101;27355;7535;13;0
ezjmvp;19;247147;66;27427;5427;11;0
ezjmkr;46;1337828;152;27707;8931;1;0
ezjmy5;6;297342;82;27709;8744;4;0
ezjmuf;8;263938;82;27843;4560;11;0
ezjmvw;9;296322;83;27880;7144;15;0
ezjqjf;21;400057;116;27890;8434;16;0
ezjmef;8;217363;77;27981;6853;14;0
ezjmdn;6;285833;90;28146;7514;9;0
ezjmg2;42;297722;79;28148;3462;19;0
ezjmek;2;200000;92;28152;5675;4;0
ezjmdy;20;236670;73;28193;5506;19;0
ezjmgs;120;539295;89;28197;792;54;4
ezjme3;1;147500;58;28201;7774;3;0
ezjq5x;15;356693;74;28276;5881;10;0
ezjmg0;29;281341;79;28386;3871;32;0
ezjmsh;7;311143;118;28433;5709;5;0
ezjmfu;5;320802;76;28479;3203;16;0
ezjqq8;12;291808;82;28505;12431;2;0
ezjmeg;11;227164;80;28506;6278;16;0
ezjmdv;28;278025;98;28660;5867;11;0
ezjqk4;13;310385;72;28706;7837;18;0
ezjmg5;24;276408;73;28718;2740;5;0
ezjmuz;25;287728;66;28721;4328;15;0
ezjqnx;10;360900;109;28789;12209;6;0
ezjmgu;115;635951;97;28876;880;42;0
ezjqj0;53;308062;70;28943;5516;25;0
ezjqj8;14;346357;78;29081;7288;8;0
ezjq5t;41;352388;81;29172;4780;18;0
ezjqk5;7;318714;83;29302;8735;11;3
ezjmfe;17;304788;81;29321;4296;17;0
ezjmv5;24;324854;116;29437;5378;10;0
ezjq5y;38;397553;78;29476;5421;25;5
ezjq5w;57;410860;79;29702;5539;16;0
ezjmds;17;318941;75;29706;7006;13;0
ezjmug;12;323158;82;29748;4696;16;0
ezjmeq;10;245800;77;29773;4351;4;0
ezjmdk;9;598322;156;29814;7460;4;0
ezjmf2;11;295454;83;29889;5733;14;0
ezjmfs;3;291333;105;29944;4077;0;0
ezjqhb;48;392975;96;29959;4763;27;0
ezjqkb;6;394000;84;30121;7881;18;0
ezjmve;6;202043;75;30139;7406;9;0
ezjmf6;1;350000;100;30266;5561;6;0
ezjm9y;11;396409;96;30282;8167;6;0
ezjmue;19;327337;78;30367;3691;6;0
ezjqjc;14;282207;84;30479;8111;12;0
ezjm9u;1;450000;92;30498;8436;0;0
ezjqm0;9;360667;82;30643;8353;10;0
ezjmdm;10;346700;102;30644;7212;6;0
ezjms4;12;209017;75;30719;6928;13;0
ezjmdw;11;301223;81;30783;5807;20;0
ezjqk1;4;345000;65;30796;7624;7;0
ezjmwk;27;1299861;142;30831;11202;0;0
ezjq78;22;392500;71;30969;6655;21;0
ezjqn7;5;276600;71;30991;10851;2;0
ezjqkc;3;421667;112;30997;8197;1;0
ezjmf8;9;284767;79;31175;5542;13;0
ezjmwn;1;600000;140;31254;9560;0;0
ezjmwh;16;464516;115;31287;10479;2;0
ezjmts;8;421375;100;31289;9022;1;0
ezjmdj;6;270800;72;31304;7730;1;0
ezjqhz;18;601139;153;31643;7540;14;0
ezjq5s;36;476781;91;31658;4095;29;0
ezjmdp;4;187375;54;31779;7193;9;0
ezjmf9;24;299204;86;31808;4938;16;0
ezjms3;6;221273;85;31927;7874;4;0
ezjmf3;11;247073;75;31970;5665;20;0
ezjmgx;198;913731;110;32130;1175;44;0
ezjmtr;22;364927;129;32241;7152;1;5
ezjmvf;7;258643;97;32279;8313;7;0
ezjmuu;10;331550;69;32534;4216;20;0
ezjmg6;11;378509;95;32566;2423;21;0
ezjmgw;158;883740;144;32819;621;45;6
ezjmdq;3;296333;81;33102;6826;5;0
ezjmgg;50;491478;84;33122;1454;32;0
ezjms2;2;295000;93;33147;8322;4;0
ezjmtv;11;339445;91;33177;9234;1;0
ezjmf1;8;339450;97;33182;6435;3;0
ezjmw7;14;345129;90;33249;11444;1;0
ezjmw5;4;324625;58;33278;10774;6;0
ezjmgc;40;518420;93;33522;2624;18;0
ezjqhc;21;396935;86;33536;4990;31;3
ezjqj1;35;335697;79;33786;5583;29;0
ezjq7g;4;563750;105;33816;8430;8;0
ezjms5;3;222867;124;33830;6615;5;0
ezjmy4;17;293785;112;33950;9268;4;0
ezjmw6;6;544667;127;34029;11781;0;0
ezjq73;7;337571;76;34198;7316;16;0
ezjmtz;16;256032;82;34208;8840;16;0
ezjmye;2;587500;107;34343;10916;0;0
ezjq5e;80;674991;113;34629;3561;40;0
ezjmtu;9;350911;87;34759;9888;0;0
ezjqjr;7;615000;167;34888;8751;9;6
ezjmv6;2;240000;80;35143;6193;15;0
ezjmgf;38;508310;90;35429;2048;35;0
ezjmz1;2;475000;96;35516;12744;0;0
ezjmfd;10;260810;70;35533;4307;10;0
ezjmdr;3;494822;167;35558;5762;6;0
ezjmgt;246;999610;130;35579;423;60;4
ezjq5v;49;786279;126;35594;4768;31;10
ezjmv9;6;388167;96;35699;7708;3;0
ezjmdx;13;280262;83;35715;5570;11;0
ezjmvq;17;383324;90;36371;6204;11;0
ezjqk6;1;439000;52;36531;8177;2;4
ezjqn4;8;475675;123;36588;9626;2;0
ezjmgb;27;478711;88;36687;3336;15;0
ezjmgk;34;492015;84;36924;1454;27;3
ezjmvc;1;329000;53;36983;8715;4;0
ezjqjp;31;1129090;220;37404;8044;10;0
ezjqjq;12;358733;73;37486;8063;13;3
ezjqn6;12;308333;55;37527;10441;2;0
ezjmgp;9;766000;179;37876;2557;9;0
ezjmfw;1;950000;242;37982;4503;0;0
ezjmty;14;404500;108;38358;9193;6;0
ezjmgy;183;1324293;133;38607;685;62;9
ezjqk8;22;684445;120;38631;7370;13;0
ezjmge;37;494073;85;38766;1399;35;0
ezjmvd;3;438167;95;38953;7197;10;0
ezjmgj;6;534467;112;39073;1963;12;0
ezjmvh;9;378556;86;39262;5110;14;0
ezjmde;1;262000;54;39366;7222;1;0
ezjmvz;1;179900;50;39529;7663;14;0
ezjmdu;1;240000;49;39788;6533;7;0
ezjmf4;5;528400;140;39913;6306;5;0
ezjmzf;2;217254;76;39922;15398;0;0
ezjqkh;4;447250;118;39930;9000;9;0
ezjmd7;4;617250;132;40107;7935;8;0
ezjqj3;10;526190;129;40361;6672;9;5
ezjmu5;36;532344;89;40367;2046;20;0
ezjq5r;20;687850;189;40558;6249;13;0
ezjmyf;4;515619;125;40577;12198;0;0
ezjq72;45;1152936;289;40639;6645;17;3
ezjmgm;21;1107233;134;40860;964;18;0
ezjmv7;9;522111;204;41076;6190;10;0
ezjmu6;24;604271;99;41287;3120;9;0
ezjqjb;2;482500;117;41378;8091;13;0
ezjmgv;119;1158974;128;41391;401;43;18
ezjmz6;11;517218;122;41677;13524;0;0
ezjmz4;26;485254;147;41677;12700;0;0
ezjmz5;8;556113;129;41677;13020;0;0
ezjmze;2;230257;64;41677;14248;0;0
ezjmyu;14;321500;78;41677;12016;0;0
ezjmz7;2;332700;162;41677;13472;0;0
ezjqh3;56;961425;122;42018;3299;32;12
ezjqh8;17;759059;120;42101;3659;29;0
ezjqjn;5;473700;80;42191;7553;12;0
ezjq5g;65;875177;130;42354;3501;34;35
ezjmcc;1;195000;85;42367;7015;4;0
ezjmgq;77;1754704;179;42400;1319;12;0
ezjqnr;12;409750;92;42492;11752;7;0
ezjmux;65;962394;126;42718;3442;31;0
ezjqnt;2;628000;132;42729;11515;1;0
ezjqk0;191;2006230;234;42890;6591;10;14
ezjq58;64;990280;121;42963;1813;49;6
ezjq5u;50;873440;146;43198;4204;45;15
ezjmvy;6;458333;93;43335;7973;7;0
ezjqq2;1;1095000;227;43563;11613;0;0
ezjqkf;5;561400;190;43623;8908;4;0
ezjmvt;5;622600;149;43700;7095;3;0
ezjmu7;38;687989;101;43784;2683;22;4
ezjqhy;8;833375;194;43887;7001;14;0
ezjmu4;6;292150;156;44342;2425;4;4
ezjqhf;21;692795;132;44380;5262;16;7
ezjq59;64;1021473;126;44386;2359;34;3
ezjmg7;18;630606;107;44626;1827;13;0
ezjqkr;2;305000;99;44881;11059;1;0
ezjm9w;14;437136;94;44949;8466;2;0
ezjmyp;5;483400;68;45123;8742;3;0
ezjmyn;1;649000;90;45327;8608;2;0
ezjqjd;12;455567;119;45828;7692;6;0
ezjqh6;95;1162741;128;46787;3838;48;7
ezjqnf;11;351763;125;46816;11948;1;0
ezjqnk;6;349833;70;46940;10629;10;0
ezjq5q;14;567286;112;46951;5545;22;0
ezjmvk;2;445000;127;48231;6008;6;0
ezjqn5;34;1125091;127;48307;9315;6;0
ezjqkd;13;788769;131;48350;8345;15;9
ezjqhv;16;896125;140;48440;6434;13;0
ezjqkm;17;763347;131;48584;10123;6;0
ezjqh2;104;1394855;119;48632;2814;45;9
ezjq5f;32;1075271;116;48992;2928;32;16
ezjq52;109;1397339;231;49068;2191;24;0
ezjmym;1;334332;83;49343;10209;0;0
ezjqkk;4;675250;98;49641;9538;4;3
ezjmgd;16;545425;96;49709;1915;19;0
ezjmur;283;1536250;141;49758;2604;45;8
ezjmum;80;1024140;110;49922;2477;13;0
ezjmu0;11;575909;87;50047;3404;11;0
ezjqkn;1;110200;64;50134;10259;2;0
ezjqm1;6;240040;73;50187;9372;1;0
ezjqm2;3;1031667;320;50297;9238;7;12
ezjqk9;9;855556;138;50408;7910;11;3
ezjq74;5;1446000;315;50469;8258;2;0
ezjqj4;47;782057;143;50817;5806;15;0
ezjqh9;51;869547;135;51056;3865;10;0
ezjmsp;3;519667;93;51116;3944;3;0
ezjmuw;54;1298142;136;51334;3311;17;4
ezjq7u;1;290000;65;51350;9372;10;0
ezjmus;10;588000;149;51641;3283;16;0
ezjq5c;98;1354718;139;51939;2395;37;12
ezjq5k;6;1142333;239;51939;4410;11;0
ezjqnd;14;541064;160;52102;11432;6;0
ezjmu1;3;889967;117;52215;2827;10;0
ezjqhp;24;1838229;152;52250;6175;16;0
ezjq5d;38;1280581;182;52641;3079;26;0
ezjmgz;106;1213962;163;52755;1174;76;12
ezjq53;42;1162786;176;52766;2437;19;0
ezjqkg;16;608250;117;53234;9401;6;0
ezjmuq;159;1284483;124;53290;2508;27;4
ezjmut;7;575571;105;53708;3153;13;0
ezjqje;3;1133333;297;53952;7916;8;0
ezjq77;18;1285583;238;54368;8320;13;0
ezjqm6;1;1375000;325;54482;9527;0;0
ezjq75;4;1306750;184;54555;8620;0;0
ezjqjj;25;1204800;231;54774;7051;8;0
ezjqmf;3;930943;183;55284;11540;0;0
ezjqq0;1;949000;290;55927;11290;0;0
ezjqmg;10;908500;137;56107;11475;0;0
ezjqnp;1;1040000;257;56230;10959;1;0
ezjmgr;54;1337518;148;56389;1831;42;3
ezjq7b;4;640000;131;56465;6614;12;0
ezjq7w;2;1174500;241;56594;10045;1;0
ezjqke;7;685000;121;56654;8981;2;0
ezjqm3;2;1245000;323;56686;9417;2;0
ezjq5b;132;1963128;187;56817;1857;62;19
ezjqnq;13;767454;190;57170;11188;5;0
ezjqjg;8;921749;219;57248;8682;13;0
ezjqne;4;268500;65;57426;11219;3;0
ezjq7t;3;826667;119;57816;9713;8;0
ezjqhd;6;609667;97;58370;4341;17;4
ezjq7f;1;400000;160;58473;7949;10;0
ezjqj9;9;449222;115;58527;7325;9;0
ezjqkt;2;547500;96;58814;10330;3;0
ezjqhe;11;986273;151;58875;4913;17;3
ezjq76;6;644167;109;58965;7923;8;0
ezjq7v;1;645000;103;59654;9983;3;0
ezjqj6;10;858200;184;59689;6785;8;0
ezjqkq;10;673200;114;60461;10574;2;0
ezjqkv;3;581667;114;60521;10621;2;0
ezjq70;16;1319625;347;60604;6931;11;0
ezjqhk;21;1003571;127;61097;4812;15;0
ezjq79;3;575000;122;61150;7260;11;0
ezjq7y;6;769500;125;61402;10269;4;0
ezjqku;12;670833;105;61783;10070;2;0
ezjqnh;1;820000;157;61891;10238;10;0
ezjqm9;6;999000;204;62105;10313;0;0
ezjq1f;10;947500;125;62235;7618;7;0
ezjqh7;61;1672821;191;62682;4377;25;5
ezjq1v;39;1597990;284;63559;8092;18;0
ezjq54;10;1897300;428;63828;3559;5;0
ezjq4g;2;625000;86;63828;4595;1;0
ezjq55;1;540000;75;63828;4049;10;0
ezjq45;3;913333;139;63829;7182;2;0
ezjq57;5;649800;109;63834;3585;8;0
ezjqme;1;880000;170;63943;11206;0;0
ezjqms;1;910000;159;64019;11771;0;0
ezjqhg;28;860386;133;64765;5609;17;12
ezjqnm;14;742857;204;65415;10805;5;0
ezjq56;17;1182197;166;66459;3162;27;0
ezjmuh;9;1187111;138;66504;1759;13;0
ezjq7k;2;712500;120;66623;9261;0;0
ezjqk3;3;584333;97;66925;7617;5;0
ezjq71;13;760000;212;68199;7504;16;0
ezjqk2;6;864500;115;68472;7002;8;6
ezjqhx;11;934273;131;68652;6560;11;0
ezjqkj;1;610000;100;68767;9465;1;0
ezjqht;27;1060686;153;68909;5863;21;0
ezjq7c;15;626727;104;68959;7316;6;0
ezjq6b;32;1184969;242;68960;7210;4;0
ezjqhm;64;1560077;172;69045;5313;29;8
ezjq5m;5;1680800;314;69184;5181;9;0
ezjq1m;2;915000;112;70089;9954;3;0
ezjqh1;132;1944170;164;72458;2681;38;24
ezjq1g;3;763000;149;72837;7678;4;0
ezjqnj;4;868500;200;73395;10236;3;0
ezjqkw;2;775000;237;73841;10821;4;0
ezjmuk;95;1699712;180;73853;2520;24;4
ezjqhu;10;1456500;271;74397;5854;10;0
ezjqhw;13;1251946;206;75389;6299;13;6
ezjq7s;9;1318444;195;76109;8964;4;3
ezjqhh;39;2205205;267;76295;4440;23;5
ezjq1s;18;1628667;401;76732;8840;5;0
ezjq5p;33;1786573;277;77132;6356;7;0
ezjqj5;4;2158000;465;77192;6118;12;5
ezjqj7;12;950250;149;77903;7175;2;4
ezjqhs;34;1122703;168;77924;5337;17;0
ezjqhn;16;1468250;209;78895;5548;24;8
ezjqmm;8;1220625;216;79690;11515;1;0
ezjqhj;23;1139348;163;80980;5055;29;13
ezjq6c;2;1975000;552;81042;7707;2;0
ezjq5n;3;1005667;204;81452;5821;3;0
ezjmuj;29;2425948;193;81589;1184;17;6
ezjqnn;2;1072500;223;81629;10779;1;0
ezjmup;462;2238553;179;81775;1853;51;38
ezjqjm;11;1329182;277;81945;7717;6;0
ezjqh4;33;2020515;223;82535;3443;27;8
ezjqjs;24;1027000;194;82964;8257;7;3
ezjmun;82;2765780;210;83101;1497;58;15
ezjqky;4;782750;133;83316;11104;0;0
ezjqhr;7;856714;152;83525;6459;10;4
ezjq1u;3;533000;129;83888;8154;3;0
ezjq4h;4;3825000;709;84054;6969;3;0
ezjq1w;3;1571667;350;84510;9219;6;0
ezjqmw;4;3395000;474;84512;12468;0;0
ezjq1y;21;2213333;433;84542;8990;7;0
ezjq1x;3;2500000;736;84859;9676;2;0
ezjqh0;350;2101001;180;85062;2490;52;27
ezjq4j;8;1853125;456;85116;7776;4;0
ezjqhq;6;2090333;236;85150;5791;28;4
ezjq7d;8;745000;176;86085;7653;15;0
ezjq1t;14;1261429;189;87371;9142;1;0
ezjqjh;37;2319851;402;87822;6910;9;0
ezjq5j;1;1250000;350;88267;5416;1;0
ezjqmq;2;1365000;185;88548;11920;2;0
ezjq1q;1;410000;69;88574;10166;1;10
ezjqh5;40;1403745;199;88639;3934;52;7
ezjq7e;1;1850000;256;88775;8250;6;0
ezjq4n;26;624832;109;88953;7843;2;0
ezjqju;12;1014833;211;88961;8788;4;0
ezjqjk;6;2136667;379;89015;7416;5;0
ezjq4r;2;2341500;535;89015;8022;1;0
ezjq4x;3;1931667;638;89015;7249;0;0
ezjq1p;8;1871160;514;89015;11398;6;0
ezjq0z;38;1765261;424;89015;12234;6;0
ezjq30;7;3450000;850;89015;11901;1;0
ezjq68;5;2109000;516;89015;7399;1;0
ezjq2b;5;2606000;641;89015;12609;1;0
ezjq1z;10;1495500;214;89015;9070;0;0
ezjq4q;10;1859200;331;89015;7657;1;0
ezjq4k;1;1450000;292;89015;6555;2;0
ezjq4m;1;3650000;754;89015;7011;3;0
ezjqmj;8;1848750;310;89015;11110;1;0
ezjqmn;16;1665000;249;89015;11632;1;0
ezjqmh;8;1523750;259;89015;10646;0;0
ezjqmd;1;1055000;181;66096;10603;0;0